Domain,Status,Attractiveness,Demand,Length,Sectors,Created,Expires,Registrar
second.credit,expired,120,23%,6,"General,Mathematics",25/06/2024 12:48,25/06/2025 12:48,Domain Science Kutatási Szolgáltató Korlátolt Felelősségű Társaság
tenth.credit,available,116,7%,5,Mathematics,,,
flat.credit,available,116,24%,4,"Construction,Real Estate",,,
eight.credit,available,102,23%,5,"General,Mathematics",,,
crack.credit,available,100,20%,5,Sports,,,
sixth.credit,available,100,8%,5,Mathematics,,,
third.credit,available,100,16%,5,Mathematics,,,
eighth.credit,available,100,6%,6,Mathematics,,,
ninth.credit,available,100,9%,5,Mathematics,,,
nought.credit,available,92,4%,6,Mathematics,,,
twentieth.credit,available,92,3%,9,Mathematics,,,
leash.credit,available,90,7%,5,"General,Health and Fitness,Retail",,,
hundred.credit,available,88,14%,7,Mathematics,,,
ace.credit,available,88,34%,3,Sports,,,
eleven.credit,available,88,33%,6,Mathematics,,,
three.credit,available,88,24%,5,Mathematics,,,
ten.credit,available,88,28%,3,"General,Mathematics",,,
fifteen.credit,available,88,13%,7,Mathematics,,,
sixteen.credit,available,88,11%,7,Mathematics,,,
twelve.credit,available,88,18%,6,"General,Mathematics",,,
xiv.credit,available,86,12%,3,Mathematics,,,
xix.credit,available,86,11%,3,Mathematics,,,
cipher.credit,available,86,29%,6,Mathematics,,,
fourteen.credit,available,84,8%,8,Mathematics,,,
thirteen.credit,available,84,10%,8,Mathematics,,,
twentyone.credit,available,84,13%,10,Mathematics,,,
nineteen.credit,available,84,8%,8,Mathematics,,,
thousand.credit,available,84,8%,8,Mathematics,,,
twentytwo.credit,available,84,11%,10,Mathematics,,,
seventeen.credit,available,84,7%,9,Mathematics,,,
dozen.credit,available,82,10%,5,Mathematics,,,
fivesome.credit,available,82,1%,8,Sports,,,
decade.credit,available,82,10%,6,Mathematics,,,
twenty.credit,available,80,12%,6,Mathematics,,,
trio.credit,available,80,21%,4,Entertainment,,,
two.credit,available,80,24%,3,Mathematics,,,
nine.credit,available,80,24%,4,"General,Mathematics",,,
first.credit,resell,80,36%,5,"General,Mathematics",30/11/2021 18:33,30/11/2025 18:33,Porkbun LLC
seventh.credit,available,80,10%,7,Mathematics,,,
forty.credit,available,80,9%,5,Mathematics,,,
yard.credit,available,80,26%,4,"Construction,General",,,
twentysix.credit,available,78,8%,10,Mathematics,,,
sixtynine.credit,available,78,8%,10,Mathematics,,,
firstrate.credit,available,76,6%,10,Business,,,
threed.credit,available,76,7%,7,Technology,,,
fourteenth.credit,available,76,1%,10,Mathematics,,,
thirteenth.credit,available,76,4%,10,Mathematics,,,
fifteenth.credit,available,76,2%,9,Mathematics,,,
hundredth.credit,available,76,1%,9,Mathematics,,,
thousandth.credit,available,76,1%,10,Mathematics,,,
eighteen.credit,available,76,7%,8,Mathematics,,,
nineteenth.credit,available,76,3%,10,Mathematics,,,
single.credit,available,74,19%,6,Sports,,,
ninetieth.credit,available,72,1%,9,Mathematics,,,
trey.credit,available,72,14%,4,Sports,,,
liv.credit,available,72,27%,3,Mathematics,,,
ternary.credit,resell,72,7%,7,Mathematics,12/08/2024 08:44,12/08/2026 08:44,"Sav.com, LLC"
trinity.credit,available,72,18%,7,Religion,,,
eightieth.credit,available,72,1%,9,Mathematics,,,
sixtieth.credit,available,72,1%,8,Mathematics,,,
seventieth.credit,available,72,1%,10,Mathematics,,,
unity.credit,available,70,40%,5,Mathematics,,,
tiptop.credit,available,70,24%,6,Fashion,,,
thirtieth.credit,available,68,1%,9,Mathematics,,,
septenary.credit,available,68,1%,9,Mathematics,,,
foursome.credit,available,68,4%,8,Sports,,,
octonary.credit,available,68,1%,8,Mathematics,,,
fortieth.credit,available,68,0%,8,Mathematics,,,
sevener.credit,available,68,1%,7,Mathematics,,,
threesome.credit,available,68,5%,9,Entertainment,,,
ennead.credit,available,68,5%,6,Mathematics,,,
ane.credit,available,68,12%,3,Mathematics,,,
fiftieth.credit,available,68,0%,8,Mathematics,,,
xxi.credit,available,66,10%,3,Mathematics,,,
xvii.credit,available,66,5%,4,Mathematics,,,
xxii.credit,available,66,6%,4,Mathematics,,,
sextet.credit,available,66,1%,6,Entertainment,,,
ninety.credit,available,66,11%,6,Mathematics,,,
xviii.credit,available,66,5%,5,Mathematics,,,
eighty.credit,available,66,6%,6,Mathematics,,,
fifty.credit,available,66,12%,5,Mathematics,,,
five.credit,available,66,26%,4,Mathematics,,,
thirty.credit,available,66,8%,6,Mathematics,,,
latest.credit,available,66,18%,6,Technology,,,
xxv.credit,available,66,6%,3,Mathematics,,,
xii.credit,available,66,10%,3,Mathematics,,,
century.credit,available,66,17%,7,Education,,,
tenner.credit,available,66,5%,6,Finance,,,
clv.credit,available,66,10%,3,Mathematics,,,
acappella.credit,available,66,6%,10,Entertainment,,,
xiii.credit,available,66,9%,4,Mathematics,,,
six.credit,available,66,26%,3,Mathematics,,,
deuce.credit,available,66,9%,5,Sports,,,
xxvi.credit,available,66,3%,4,Mathematics,,,
xvi.credit,available,66,5%,3,Mathematics,,,
onec.credit,available,66,6%,5,Mathematics,,,
troika.credit,available,62,8%,6,Politics,,,
eighteenth.credit,available,62,1%,10,Mathematics,,,
longdozen.credit,available,62,2%,10,Mathematics,,,
twodozen.credit,available,62,1%,9,Mathematics,,,
sixteenth.credit,available,62,1%,9,Mathematics,,,
eleventh.credit,available,62,5%,8,Mathematics,,,
chiliad.credit,available,62,2%,7,Mathematics,,,
quartet.credit,available,62,7%,7,"Arts,Entertainment",,,
fortyfour.credit,available,62,6%,10,Mathematics,,,
clx.credit,available,60,10%,3,Mathematics,,,
cxl.credit,available,60,7%,3,Mathematics,,,
cxlv.credit,available,60,2%,4,Mathematics,,,
cxxxv.credit,available,60,2%,5,Mathematics,,,
tertiary.credit,available,60,4%,8,Education,,,
cxxx.credit,available,60,4%,4,Mathematics,,,
cxx.credit,available,60,10%,3,Mathematics,,,
cxv.credit,available,60,4%,3,Mathematics,,,
eightysix.credit,available,60,7%,10,Mathematics,,,
clxx.credit,available,60,3%,4,Mathematics,,,
clxv.credit,available,60,1%,4,Mathematics,,,
clxxx.credit,available,60,1%,5,Mathematics,,,
cxxv.credit,available,60,1%,4,Mathematics,,,
sixty.credit,available,60,13%,5,Mathematics,,,
thou.credit,available,60,7%,4,Mathematics,,,
clxxv.credit,available,60,1%,5,Mathematics,,,
xcl.credit,available,60,5%,3,Mathematics,,,
tetrad.credit,available,58,5%,6,Mathematics,,,
alacarte.credit,available,58,11%,10,Food and Beverage,,,
pentad.credit,available,58,2%,6,Mathematics,,,
seventy.credit,available,58,7%,7,Mathematics,,,
eighter.credit,available,58,2%,7,Mathematics,,,
sixtyone.credit,available,58,3%,9,Mathematics,,,
heptad.credit,available,58,1%,6,Mathematics,,,
centesimal.credit,available,58,1%,10,Mathematics,,,
seven.credit,available,58,36%,5,Mathematics,,,
fourth.credit,available,58,13%,6,Mathematics,,,
fifth.credit,available,58,12%,5,Mathematics,,,
fourscore.credit,available,58,4%,9,Mathematics,,,
lxxx.credit,available,58,2%,4,Mathematics,,,
sixer.credit,available,58,5%,5,Sports,,,
sextuplet.credit,available,58,1%,9,Healthcare,,,
cypher.credit,available,58,29%,6,Mathematics,,,
twelfth.credit,available,58,2%,7,Mathematics,,,
super.credit,available,58,47%,5,Business,,,
niner.credit,available,58,5%,5,Mathematics,,,
hexad.credit,available,58,4%,5,Mathematics,,,
octad.credit,available,58,5%,5,Mathematics,,,
fiftytwo.credit,available,56,6%,9,Mathematics,,,
xxxviii.credit,available,56,1%,7,Mathematics,,,
xxxii.credit,available,56,1%,5,Mathematics,,,
halfdozen.credit,available,56,1%,10,Mathematics,,,
fortytwo.credit,available,56,17%,9,Mathematics,,,
xxxiii.credit,available,56,2%,6,Mathematics,,,
aone.credit,available,56,15%,5,Food and Beverage,,,
fiftyfive.credit,available,56,7%,10,Mathematics,,,
xxxvii.credit,available,56,2%,6,Mathematics,,,
fiftyone.credit,available,56,7%,9,Mathematics,,,
xxiii.credit,available,56,5%,5,Mathematics,,,
lvii.credit,available,56,1%,4,Mathematics,,,
xliv.credit,available,56,2%,4,Mathematics,,,
fortynine.credit,available,56,3%,10,Mathematics,,,
xlvi.credit,available,56,3%,4,Mathematics,,,
fortyone.credit,available,56,4%,9,Mathematics,,,
liii.credit,available,56,4%,4,Mathematics,,,
ilx.credit,available,56,5%,3,Mathematics,,,
fiftysix.credit,available,56,4%,9,Mathematics,,,
xxvii.credit,available,56,3%,5,Mathematics,,,
lii.credit,available,56,7%,3,Mathematics,,,
xlv.credit,available,56,6%,3,Mathematics,,,
xlviii.credit,available,56,1%,6,Mathematics,,,
thirtyone.credit,available,56,5%,10,Mathematics,,,
fiftynine.credit,available,56,4%,10,Mathematics,,,
thirtysix.credit,available,56,5%,10,Mathematics,,,
fiftyfour.credit,available,56,3%,10,Mathematics,,,
lviii.credit,available,56,1%,5,Mathematics,,,
fortysix.credit,available,56,3%,9,Mathematics,,,
xxviii.credit,available,56,1%,6,Mathematics,,,
xxxvi.credit,available,56,1%,5,Mathematics,,,
xxix.credit,available,56,4%,4,Mathematics,,,
lvi.credit,available,56,8%,3,Mathematics,,,
xxxi.credit,available,56,9%,4,Mathematics,,,
xliii.credit,available,56,1%,5,Mathematics,,,
xxxiv.credit,available,56,1%,5,Mathematics,,,
xxxv.credit,available,56,4%,4,Mathematics,,,
xlii.credit,available,56,5%,4,Mathematics,,,
thirtytwo.credit,available,56,5%,10,Mathematics,,,
xxiv.credit,available,56,5%,4,Mathematics,,,
xlvii.credit,available,56,2%,5,Mathematics,,,
xli.credit,available,56,5%,3,Mathematics,,,
threescore.credit,available,54,1%,10,Mathematics,,,
deuceace.credit,available,54,2%,9,Sports,,,
fortyfive.credit,available,54,4%,10,Mathematics,,,
twoscore.credit,available,54,2%,8,Mathematics,,,
viii.credit,available,54,6%,4,Mathematics,,,
quaternity.credit,available,54,4%,10,Mathematics,,,
quaternion.credit,available,54,6%,10,Mathematics,,,
topnotch.credit,available,54,18%,8,Business,,,
vii.credit,available,54,13%,3,Mathematics,,,
quatern.credit,available,54,2%,7,Mathematics,,,
lxxxv.credit,available,52,1%,5,Mathematics,,,
xcv.credit,available,52,7%,3,Mathematics,,,
sixtyfour.credit,available,52,3%,10,Mathematics,,,
eightyone.credit,available,52,3%,10,Mathematics,,,
ixc.credit,available,52,5%,3,Mathematics,,,
lxi.credit,available,52,5%,3,Mathematics,,,
ixl.credit,available,52,9%,3,Mathematics,,,
xcii.credit,available,52,2%,4,Mathematics,,,
lxvi.credit,available,52,3%,4,Mathematics,,,
lxviii.credit,available,52,1%,6,Mathematics,,,
lxxiv.credit,available,52,1%,5,Mathematics,,,
xciv.credit,available,52,2%,4,Mathematics,,,
sixtytwo.credit,available,52,3%,9,Mathematics,,,
lxxxiv.credit,available,52,1%,6,Mathematics,,,
eightytwo.credit,available,52,4%,10,Mathematics,,,
sixtyfive.credit,available,52,3%,10,Mathematics,,,
sixtysix.credit,available,52,4%,9,Mathematics,,,
lxv.credit,available,52,5%,3,Mathematics,,,
lxiv.credit,available,52,3%,4,Mathematics,,,
lxxiii.credit,available,52,1%,6,Mathematics,,,
xciii.credit,available,52,1%,5,Mathematics,,,
lxvii.credit,available,52,1%,5,Mathematics,,,
lxxxvi.credit,available,52,1%,6,Mathematics,,,
lxxv.credit,available,52,1%,4,Mathematics,,,
lxiii.credit,available,52,2%,5,Mathematics,,,
lxii.credit,available,52,1%,4,Mathematics,,,
lxxxii.credit,available,52,1%,6,Mathematics,,,
lxxxvii.credit,available,52,1%,7,Mathematics,,,
ninetytwo.credit,available,52,4%,10,Mathematics,,,
lxxxi.credit,available,52,1%,5,Mathematics,,,
ninetysix.credit,available,52,4%,10,Mathematics,,,
ninetyone.credit,available,52,5%,10,Mathematics,,,
lxxvii.credit,available,52,2%,6,Mathematics,,,
lxxii.credit,available,52,1%,5,Mathematics,,,
lxxvi.credit,available,52,1%,5,Mathematics,,,
lxxi.credit,available,52,1%,4,Mathematics,,,
xci.credit,available,52,4%,3,Mathematics,,,
xcviii.credit,available,52,1%,6,Mathematics,,,
lxxxiii.credit,available,52,1%,7,Mathematics,,,
xcvii.credit,available,52,1%,5,Mathematics,,,
xcvi.credit,available,52,2%,4,Mathematics,,,
ogdoad.credit,available,50,1%,6,Mathematics,,,
cinque.credit,available,50,7%,6,Mathematics,,,
lxx.credit,available,50,5%,3,Mathematics,,,
triplet.credit,available,50,8%,7,Science,,,
lxxxviii.credit,available,48,1%,8,Mathematics,,,
quaternary.credit,available,46,3%,10,Mathematics,,,